batch_id,timestamp,supplier_name,truck_license,weight_tons,ripeness_ripe_pct,ripeness_unripe_pct,ripeness_overripe_pct,avg_oil_content_pct,estimated_oer_pct,ai_confidence_score,quality_grade,status
BATCH-20261001-01,2026-10-01 07:21:43,ลานเทสามแยก,71-1488,7.3,75.7,15.4,8.9,19.4,17.5,95.1,Grade C,Approved
BATCH-20261001-02,2026-10-01 08:31:02,สหกรณ์ปาล์มยั่งยืน,89-1434,7.6,63.1,31.7,5.2,15.4,13.9,97.3,Grade C,Warning
BATCH-20261001-03,2026-10-01 10:03:15,ลานเทชุมพรสมาร์ท,87-4257,8.4,81.0,8.6,10.4,23.1,20.8,99.4,Grade A,Approved
BATCH-20261001-04,2026-10-01 11:14:31,ลานเทสามแยก,78-5012,10.8,76.8,22.5,0.7,18.9,17.0,95.6,Grade C,Approved
BATCH-20261001-05,2026-10-01 12:22:05,เกษตรกรรายย่อย B,83-6574,14.5,51.8,34.0,14.2,18.3,16.5,95.0,Grade C,Warning
BATCH-20261001-06,2026-10-01 13:29:05,ลานเทชุมพรสมาร์ท,83-6574,14.0,88.4,8.8,2.8,23.3,21.0,98.2,Grade A,Approved
BATCH-20261001-07,2026-10-01 14:35:29,ลานเทลุงสมบูรณ์,88-5557,9.9,84.0,4.1,11.9,23.6,21.2,98.8,Grade A,Approved
BATCH-20261001-08,2026-10-01 15:49:33,เกษตรกรรายย่อย B,77-9279,10.9,72.9,30.1,-3.0,17.4,15.7,95.0,Grade C,Warning
BATCH-20261001-09,2026-10-01 17:07:28,ลานเทชุมพรสมาร์ท,77-8359,13.3,93.5,6.0,0.5,21.2,19.1,99.5,Grade A,Approved
BATCH-20261002-01,2026-10-02 07:29:50,ลานเทสามแยก,73-1409,16.8,72.3,12.4,15.3,20.3,18.3,97.1,Grade C,Approved
BATCH-20261002-02,2026-10-02 08:39:14,ลานเทคุณวิชัย,77-9279,12.6,84.6,22.9,-7.5,18.5,16.7,97.8,Grade C,Approved
BATCH-20261002-03,2026-10-02 09:58:21,ลานเทคุณวิชัย,88-5557,9.3,79.6,11.7,8.7,19.7,17.7,96.2,Grade A,Approved
BATCH-20261002-04,2026-10-02 11:16:53,เกษตรกรรายย่อย B,72-7912,18.1,69.0,31.2,-0.2,16.9,15.2,97.3,Grade C,Warning
BATCH-20261002-05,2026-10-02 12:26:12,ลานเทคุณวิชัย,87-4257,8.5,75.6,12.4,12.0,21.1,19.0,99.0,Grade A,Approved
BATCH-20261002-06,2026-10-02 13:40:02,ลานเทคุณวิชัย,71-1488,12.1,71.7,15.4,12.9,21.2,19.1,98.3,Grade C,Approved
BATCH-20261002-07,2026-10-02 14:35:44,เกษตรกรกลุ่ม A,83-6574,13.1,52.0,36.1,11.9,19.2,17.3,99.4,Grade C,Warning
BATCH-20261002-08,2026-10-02 15:54:47,เกษตรกรกลุ่ม A,77-3286,14.2,73.7,23.6,2.7,18.2,16.4,97.1,Grade C,Approved
BATCH-20261002-09,2026-10-02 17:17:08,ลานเทคุณวิชัย,88-5557,15.1,73.0,14.7,12.3,21.2,19.1,97.4,Grade C,Approved
BATCH-20261002-10,2026-10-02 18:16:30,ลานเทคุณวิชัย,77-9279,7.5,73.4,15.1,11.5,20.1,18.1,94.9,Grade C,Approved
BATCH-20261003-01,2026-10-03 07:18:10,เกษตรกรรายย่อย B,87-7873,6.7,51.7,20.7,27.6,17.6,15.8,96.6,Grade C,Approved
BATCH-20261003-02,2026-10-03 08:36:41,สหกรณ์ปาล์มยั่งยืน,73-9935,12.7,58.1,49.4,-7.5,16.2,14.6,95.0,Reject,Rejected
BATCH-20261003-03,2026-10-03 09:53:21,สหกรณ์ปาล์มยั่งยืน,73-9935,7.2,56.5,37.8,5.7,15.7,14.1,98.7,Grade C,Warning
BATCH-20261003-04,2026-10-03 10:55:18,เกษตรกรรายย่อย B,87-7873,7.2,60.1,27.5,12.4,19.3,17.4,95.0,Grade C,Warning
BATCH-20261003-05,2026-10-03 12:10:33,สหกรณ์ปาล์มยั่งยืน,77-3286,11.3,47.0,35.5,17.5,17.3,15.6,96.2,Grade C,Warning
BATCH-20261003-06,2026-10-03 13:38:40,ลานเทคุณวิชัย,78-5012,6.6,85.0,22.5,-7.5,21.1,19.0,99.1,Grade A,Approved
BATCH-20261003-07,2026-10-03 14:50:22,เกษตรกรกลุ่ม A,72-4582,12.1,55.3,28.8,15.9,16.7,15.0,95.8,Grade C,Warning
BATCH-20261003-08,2026-10-03 16:05:38,ลานเทชุมพรสมาร์ท,83-6574,15.8,86.8,6.2,7.0,23.7,21.3,99.5,Grade A,Approved
BATCH-20261004-01,2026-10-04 07:33:53,สหกรณ์ปาล์มยั่งยืน,77-3286,8.4,45.4,31.3,23.3,16.7,15.0,93.9,Grade C,Warning
BATCH-20261004-02,2026-10-04 08:37:31,ลานเทลุงสมบูรณ์,87-4257,12.0,93.8,7.3,-1.1,20.7,18.6,96.5,Grade A,Approved
BATCH-20261004-03,2026-10-04 10:02:25,ลานเทลุงสมบูรณ์,87-4257,6.8,92.9,6.0,1.1,23.6,21.2,96.9,Grade A+,Approved
BATCH-20261004-04,2026-10-04 11:07:53,ลานเทลุงสมบูรณ์,87-4257,7.0,89.9,7.7,2.4,21.5,19.4,95.1,Grade A,Approved
BATCH-20261004-05,2026-10-04 12:22:04,ลานเทชุมพรสมาร์ท,73-9935,9.3,82.0,8.5,9.5,22.0,19.8,99.1,Grade A,Approved
BATCH-20261004-06,2026-10-04 13:40:27,ลานเทลุงสมบูรณ์,77-9279,13.8,88.4,3.0,8.6,22.3,20.1,96.5,Grade A,Approved
BATCH-20261004-07,2026-10-04 14:33:10,ลานเทชุมพรสมาร์ท,83-6574,6.9,83.7,4.8,11.5,21.9,19.7,96.8,Grade A,Approved
BATCH-20261004-08,2026-10-04 15:49:15,ลานเทสามแยก,87-7873,12.6,80.0,18.3,1.7,21.0,18.9,94.1,Grade A,Approved
BATCH-20261004-09,2026-10-04 17:15:04,ลานเทชุมพรสมาร์ท,78-5012,17.1,91.1,3.6,5.3,21.4,19.3,94.8,Grade A,Approved
BATCH-20261004-10,2026-10-04 18:14:13,เกษตรกรรายย่อย B,87-7873,16.7,62.6,25.5,11.9,19.5,17.6,93.8,Grade C,Warning
BATCH-20261005-01,2026-10-05 07:28:09,ลานเทชุมพรสมาร์ท,73-1409,6.0,91.6,8.4,0.0,21.4,19.3,97.9,Grade A,Approved
BATCH-20261005-02,2026-10-05 08:43:14,สหกรณ์ปาล์มยั่งยืน,89-1434,6.1,41.9,49.4,8.7,17.2,15.5,96.8,Reject,Rejected
BATCH-20261005-03,2026-10-05 10:02:01,ลานเทคุณวิชัย,89-1434,7.9,71.9,14.6,13.5,20.9,18.8,98.3,Grade C,Approved
BATCH-20261005-04,2026-10-05 11:14:39,ลานเทชุมพรสมาร์ท,73-9935,14.5,90.0,5.5,4.5,22.3,20.1,98.7,Grade A+,Approved
BATCH-20261005-05,2026-10-05 12:29:22,เกษตรกรรายย่อย B,77-3286,17.6,55.9,23.6,20.5,19.1,17.2,94.6,Grade C,Approved
BATCH-20261005-06,2026-10-05 13:27:53,เกษตรกรกลุ่ม A,77-8359,17.6,69.6,29.1,1.3,18.7,16.8,97.9,Grade C,Warning
BATCH-20261005-07,2026-10-05 14:35:57,เกษตรกรกลุ่ม A,88-5557,14.8,59.6,20.9,19.5,18.1,16.3,94.7,Grade C,Approved
BATCH-20261005-08,2026-10-05 16:04:02,ลานเทชุมพรสมาร์ท,72-7912,16.3,93.1,4.2,2.7,22.7,20.4,95.9,Grade A+,Approved
BATCH-20261005-09,2026-10-05 17:00:41,ลานเทลุงสมบูรณ์,88-5557,9.5,89.6,6.0,4.4,23.7,21.3,96.7,Grade A,Approved
BATCH-20261005-10,2026-10-05 18:28:32,ลานเทลุงสมบูรณ์,83-6574,18.1,82.7,11.6,5.7,21.4,19.3,94.2,Grade A,Approved
